{"cameraMode":{"drawMode":0,"name":"Shaded","section":"Shading Mode"},"sceneLighting":true,"audioPlay":false,"sceneViewState":{"m_AlwaysRefresh":false,"showFog":true,"showSkybox":true,"showFlares":true,"showImageEffects":true,"showParticleSystems":true,"showVisualEffectGraphs":true,"m_FxEnabled":true},"in2DMode":false,"pivot":{"x":-20.743513107299806,"y":0.4343680143356323,"z":-5.920022010803223},"rotation":{"x":-0.015841323882341386,"y":-0.8228183388710022,"z":0.022959541529417039,"w":-0.5676303505897522},"size":7.344670295715332,"orthographic":false}