{"cameraMode":{"drawMode":0,"name":"Shaded","section":"Shading Mode"},"sceneLighting":false,"audioPlay":false,"sceneViewState":{"m_AlwaysRefresh":false,"showFog":true,"showSkybox":false,"showFlares":true,"showImageEffects":true,"showParticleSystems":true,"showVisualEffectGraphs":true,"m_FxEnabled":true},"in2DMode":false,"pivot":{"x":0.024000000208616258,"y":0.00482999999076128,"z":-0.0002899998798966408},"rotation":{"x":0.3142605721950531,"y":0.059525735676288608,"z":-0.016806362196803094,"w":0.948398232460022},"size":0.02008773759007454,"orthographic":false}